id,product_id,variant_type,variant_value,price_modifier,stock,sku,created_at,active
426,137,color,MESSI,0.00,0,null,2026-03-03 15:48:11.126722+00,true
428,136,color,GOKU,0.00,0,null,2026-03-03 15:48:51.971971+00,true
429,136,color,STITCH,0.00,0,null,2026-03-03 15:48:51.971971+00,true
430,136,color,SUPERHEROE,0.00,0,null,2026-03-03 15:48:51.971971+00,true
431,136,color,EQUIPOS,0.00,0,null,2026-03-03 15:48:51.971971+00,true
432,136,color,HELLO KITTY,0.00,0,null,2026-03-03 15:48:51.971971+00,true
433,135,color,VIOLETA,0.00,0,null,2026-03-03 15:59:07.456252+00,true
434,135,color,VERDE,0.00,0,null,2026-03-03 15:59:07.456252+00,true
435,135,color,ROSA,0.00,0,null,2026-03-03 15:59:07.456252+00,true
436,135,color,CELESTE,0.00,0,null,2026-03-03 15:59:07.456252+00,true
437,134,color,SURTIDO,0.00,0,null,2026-03-03 15:59:37.132026+00,true
444,130,color,BLANCO FRIO,0.00,0,null,2026-03-03 16:44:34.022755+00,true
445,129,color,GAMER,0.00,0,null,2026-03-03 16:44:47.717055+00,true
446,129,color,DINOSAURIO,0.00,0,null,2026-03-03 16:44:47.717055+00,true
447,128,color,NEGRO,0.00,0,null,2026-03-03 16:45:06.386422+00,true
448,128,color,AZUL,0.00,0,null,2026-03-03 16:45:06.386422+00,true
449,128,color,BORDO,0.00,0,null,2026-03-03 16:45:06.386422+00,true
450,127,color,VERDE,0.00,0,null,2026-03-03 16:45:30.84136+00,true
451,127,color,LILA,0.00,0,null,2026-03-03 16:45:30.84136+00,true
459,125,color,TRANSPARENTE,0.00,0,null,2026-03-03 16:56:58.182945+00,true
460,124,color,BLANCO,0.00,0,null,2026-03-03 16:57:14.452527+00,true
461,123,color,POLITICO,0.00,0,null,2026-03-03 16:57:28.443325+00,true
462,122,color,FISICO POLITICO,0.00,0,null,2026-03-03 16:57:44.478424+00,true
463,121,color,FISICO POLITICO,0.00,0,null,2026-03-03 16:57:58.481422+00,true
464,120,color,POLITICO,0.00,0,null,2026-03-03 16:58:14.770496+00,true
465,119,color,BLANCO,0.00,0,null,2026-03-03 16:58:36.136864+00,true
466,118,color,VERDE,0.00,0,null,2026-03-03 16:58:58.401878+00,true
467,117,color,SURTIDO,0.00,0,null,2026-03-03 16:59:18.631753+00,true
468,116,color,ROJO,0.00,0,null,2026-03-03 16:59:37.536819+00,true
469,116,color,AZUL,0.00,0,null,2026-03-03 16:59:37.536819+00,true
470,116,color,VERDE,0.00,0,null,2026-03-03 16:59:37.536819+00,true
471,116,color,NEGRO,0.00,0,null,2026-03-03 16:59:37.536819+00,true
480,115,color,VERDE,0.00,0,null,2026-03-03 17:01:16.100903+00,true
481,115,color,MARRON,0.00,0,null,2026-03-03 17:01:16.100903+00,true
482,115,color,DORADO,0.00,0,null,2026-03-03 17:01:16.100903+00,true
483,115,color,NARANJA,0.00,0,null,2026-03-03 17:01:16.100903+00,true
484,115,color,VIOLETA,0.00,0,null,2026-03-03 17:01:16.100903+00,true
485,115,color,ROSA,0.00,0,null,2026-03-03 17:01:16.100903+00,true
486,115,color,CELESTE,0.00,0,null,2026-03-03 17:01:16.100903+00,true
487,115,color,PLATEADO,0.00,0,null,2026-03-03 17:01:16.100903+00,true
496,114,color,VIOLETA,0.00,0,null,2026-03-03 17:02:46.44566+00,true
497,114,color,VERDE,0.00,0,null,2026-03-03 17:02:46.44566+00,true
498,114,color,NARANJA,0.00,0,null,2026-03-03 17:02:46.44566+00,true
499,114,color,CELESTE,0.00,0,null,2026-03-03 17:02:46.44566+00,true
504,113,color,AZUL,0.00,0,null,2026-03-03 17:03:55.81683+00,true
505,113,color,NEGRO,0.00,0,null,2026-03-03 17:03:55.81683+00,true
506,113,color,ROSA,0.00,0,null,2026-03-03 17:03:55.81683+00,true
507,113,color,VIOLETA,0.00,0,null,2026-03-03 17:03:55.81683+00,true
508,112,color,BLANCO,0.00,0,null,2026-03-03 17:04:18.39448+00,true
510,111,color,NEGRO,0.00,0,null,2026-03-03 17:05:28.09801+00,true
511,110,color,NEGRO,0.00,0,null,2026-03-03 17:05:44.905993+00,true
513,109,color,NEGRO,0.00,0,null,2026-03-03 17:06:32.28807+00,true
514,108,color,BLANCO,0.00,0,null,2026-03-03 17:06:49.153821+00,true
515,108,color,NEGRO,0.00,0,null,2026-03-03 17:06:49.153821+00,true
525,107,color,VERDE,0.00,0,null,2026-03-03 17:08:17.591179+00,true
526,107,color,BEIGE,0.00,0,null,2026-03-03 17:08:17.591179+00,true
527,107,color,CELESTE,0.00,0,null,2026-03-03 17:08:17.591179+00,true
528,106,color,VIOLETA,0.00,0,null,2026-03-03 17:08:38.046471+00,true
529,106,color,ROSA,0.00,0,null,2026-03-03 17:08:38.046471+00,true
530,106,color,GRIS,0.00,0,null,2026-03-03 17:08:38.046471+00,true
531,106,color,BLANCO,0.00,0,null,2026-03-03 17:08:38.046471+00,true
532,106,color,VERDE,0.00,0,null,2026-03-03 17:08:38.046471+00,true
533,106,color,CELESTE,0.00,0,null,2026-03-03 17:08:38.046471+00,true
534,105,color,NEGRO,0.00,0,null,2026-03-03 17:08:57.782641+00,true
535,104,color,SURTIDO,0.00,0,null,2026-03-03 17:09:15.168718+00,true
536,103,color,SURTIDO,0.00,0,null,2026-03-03 17:09:38.020594+00,true
537,102,color,MULTICOLOR,0.00,0,null,2026-03-03 17:09:57.915539+00,true
542,96,color,MULTICOLOR,0.00,0,null,2026-03-03 17:11:55.387602+00,true
543,95,color,MULTICOLOR,0.00,0,null,2026-03-03 17:12:16.684743+00,true
552,24,color,MULTICOLOR,0.00,0,null,2026-03-03 17:16:21.081976+00,true
553,25,color,BLANCO FRIO,0.00,0,null,2026-03-03 17:16:41.33805+00,true
561,31,color,VERDE,0.00,0,null,2026-03-03 17:20:35.34429+00,true
562,30,color,VIOLETA,0.00,0,null,2026-03-03 17:20:53.781537+00,true
563,29,color,ROSA,0.00,0,null,2026-03-03 17:21:12.482121+00,true
566,26,color,CALIDO,0.00,0,null,2026-03-03 17:22:07.086794+00,true
570,33,color,MULTICOLOR,0.00,0,null,2026-03-03 17:26:41.472277+00,true
571,34,color,BLANCO FRIO,0.00,0,null,2026-03-03 17:27:05.922101+00,true
572,35,color,MULTICOLOR,0.00,0,null,2026-03-03 17:27:30.387535+00,true
573,36,color,BLANCO FRIO,0.00,0,null,2026-03-03 17:28:03.54953+00,true
574,37,color,AZUL,0.00,0,null,2026-03-03 17:28:25.443722+00,true
576,38,color,ROJO,0.00,0,null,2026-03-03 17:29:07.906975+00,true
577,40,color,VIOLETA,0.00,0,null,2026-03-03 17:29:56.573712+00,true
578,41,color,VERDE,0.00,0,null,2026-03-03 17:30:27.134579+00,true
579,42,color,MULTICOLOR,0.00,0,null,2026-03-03 17:30:49.335661+00,true
584,126,color,NEGRO,0.00,0,null,2026-03-03 21:19:27.676462+00,true
585,126,color,ROJO,0.00,0,null,2026-03-03 21:19:27.676462+00,true
586,126,color,BORDO,0.00,0,null,2026-03-03 21:19:27.676462+00,true
587,126,color,AZUL,0.00,0,null,2026-03-03 21:19:27.676462+00,true
588,126,color,BLANCO,0.00,0,null,2026-03-03 21:19:27.676462+00,true
589,27,color,AZUL,0.00,0,null,2026-03-03 21:19:56.22412+00,true
590,28,color,ROJO,0.00,0,null,2026-03-03 21:20:09.057775+00,true
591,138,color,MESSI,0.00,0,null,2026-03-06 18:34:05.156035+00,true
592,140,color,BLANCO,0.00,0,null,2026-03-06 18:57:05.830077+00,true
596,143,color,MULTICOLOR,0.00,0,null,2026-03-09 19:20:03.429965+00,true
597,144,color,ROSA,0.00,0,null,2026-03-09 19:34:01.593139+00,true
612,152,color,MULTICOLOR,0.00,0,null,2026-03-19 17:25:29.977213+00,true
614,149,color,MULTICOLOR,0.00,0,null,2026-03-19 17:26:01.469268+00,true
615,150,color,MULTICOLOR,0.00,0,null,2026-03-19 17:26:38.222201+00,true
621,155,color,COLORES SURTIDOS,0.00,0,null,2026-03-19 17:52:21.080371+00,true
628,158,color,DINOSAURIOS,0.00,0,null,2026-03-19 18:42:26.260756+00,true
629,158,color,BICHITOS,0.00,0,null,2026-03-19 18:42:26.260756+00,true
630,158,color,PATITAS,0.00,0,null,2026-03-19 18:42:26.260756+00,true
631,158,color,OJOTA PLAYERA,0.00,0,null,2026-03-19 18:42:26.260756+00,true
632,158,color,OSO PANDA,0.00,0,null,2026-03-19 18:42:26.260756+00,true
633,139,color,MULTICOLOR,0.00,0,null,2026-03-20 11:44:03.36709+00,true
634,132,color,MULTICOLOR,0.00,0,null,2026-03-20 11:46:11.096445+00,true
635,131,color,MULTICOLOR,0.00,0,null,2026-03-20 11:48:17.166662+00,true
649,21,color,MULTICOLOR,0.00,0,null,2026-03-20 11:58:48.615926+00,true
650,159,color,MULTICOLOR,0.00,0,null,2026-03-20 11:59:15.68466+00,true
651,159,color,ROSA,0.00,0,null,2026-03-20 11:59:15.68466+00,true
652,159,color,BLANCO,0.00,0,null,2026-03-20 11:59:15.68466+00,true
653,15,color,MULTICOLOR,0.00,0,null,2026-03-20 12:01:02.585314+00,true
654,16,color,MULTICOLOR,0.00,0,null,2026-03-20 12:01:23.968856+00,true
655,32,color,BLANCO FRIO,0.00,0,null,2026-03-20 12:02:59.211062+00,true
656,99,color,MULTICOLOR,0.00,0,null,2026-03-20 12:06:25.940714+00,true
662,100,color,VERDE,0.00,0,null,2026-03-20 12:12:11.923889+00,true
663,100,color,AMARILLO,0.00,0,null,2026-03-20 12:12:11.923889+00,true
664,100,color,ROSA,0.00,0,null,2026-03-20 12:12:11.923889+00,true
665,100,color,NARANJA,0.00,0,null,2026-03-20 12:12:11.923889+00,true
666,100,color,COLORES SURTIDOS,0.00,0,null,2026-03-20 12:12:11.923889+00,true
667,101,color,ROSA,0.00,0,null,2026-03-20 12:12:35.676434+00,true
668,101,color,NEGRO,0.00,0,null,2026-03-20 12:12:35.676434+00,true
669,101,color,BLANCO,0.00,0,null,2026-03-20 12:12:35.676434+00,true
670,101,color,COLORES SURTIDOS,0.00,0,null,2026-03-20 12:12:35.676434+00,true
671,22,color,MULTICOLOR,0.00,0,null,2026-03-20 12:13:33.501259+00,true
680,164,color,COMBO COMPLETO,0.00,0,null,2026-03-21 15:43:33.644762+00,true
681,165,color,COMBO COMPLETO,0.00,0,null,2026-03-21 15:44:09.845369+00,true
682,166,color,COMBO COMPLETO,0.00,0,null,2026-03-21 15:53:20.189944+00,true
683,167,color,COMBO COMPLETO,0.00,0,null,2026-03-21 15:56:38.011747+00,true
698,171,color,COMBO CON SOMBRERO BLANCO,0.00,0,null,2026-03-21 16:25:29.867839+00,true
699,171,color,COMBO CON SOMBRERO AZUL,0.00,0,null,2026-03-21 16:25:29.867839+00,true
700,171,color,COMBO CON SOMBRERO NEGRO,0.00,0,null,2026-03-21 16:25:29.867839+00,true
701,171,color,COMBO CON SOMBRERO AMARILLO,0.00,0,null,2026-03-21 16:25:29.867839+00,true
702,171,color,COMBO CON SOMBRERO VIOLETA,0.00,0,null,2026-03-21 16:25:29.867839+00,true
703,170,color,COMBO CON SOMBRERO AZUL,0.00,0,null,2026-03-21 16:25:54.237629+00,true
704,170,color,COMBO CON SOMBRERO BLANCO,0.00,0,null,2026-03-21 16:25:54.237629+00,true
705,170,color,COMBO CON SOMBRERO NEGRO,0.00,0,null,2026-03-21 16:25:54.237629+00,true
706,170,color,COMBO CON SOMBRERO AMARILLO,0.00,0,null,2026-03-21 16:25:54.237629+00,true
707,170,color,COMBO CON SOMBRERO VIOLETA,0.00,0,null,2026-03-21 16:25:54.237629+00,true
708,169,color,COMBO CON SOMBRERO ROSA,0.00,0,null,2026-03-21 16:26:39.410462+00,true
709,169,color,COMBO CON SOMBRERO BLANCO,0.00,0,null,2026-03-21 16:26:39.410462+00,true
710,169,color,COMBO CON SOMBRERO NEGRO,0.00,0,null,2026-03-21 16:26:39.410462+00,true
711,168,color,COMBO C/ SOMBRERO ROSA,0.00,0,null,2026-03-21 16:27:22.303398+00,true
712,168,color,COMBO C/ SOMBRERO BLANCO,0.00,0,null,2026-03-21 16:27:22.303398+00,true
713,168,color,COMBO C/ SOMBRERO NEGRO,0.00,0,null,2026-03-21 16:27:22.303398+00,true
714,172,color,COMBO CON SOMBRERO ROSA,0.00,0,null,2026-03-21 16:35:52.546906+00,true
715,172,color,COMBO CON SOMBRERO BLANCO,0.00,0,null,2026-03-21 16:35:52.546906+00,true
716,172,color,COMBO CON SOMBRERO NEGRO,0.00,0,null,2026-03-21 16:35:52.546906+00,true
717,173,color,VERDE,0.00,0,null,2026-03-23 22:06:30.870292+00,true
718,173,color,ROJO,0.00,0,null,2026-03-23 22:06:30.870292+00,true
719,173,color,VIOLETA,0.00,0,null,2026-03-23 22:06:30.870292+00,true
720,173,color,ROSA,0.00,0,null,2026-03-23 22:06:30.870292+00,true
721,173,color,AZUL,0.00,0,null,2026-03-23 22:06:30.870292+00,true
722,173,color,BLANCO,0.00,0,null,2026-03-23 22:06:30.870292+00,true
723,173,color,COLORES SURTIDOS,0.00,0,null,2026-03-23 22:06:30.870292+00,true
724,153,color,COLORES SURTIDOS,0.00,0,null,2026-03-27 19:27:35.104292+00,true
725,174,color,COMBO CON SOMBRERO ROSA,0.00,0,null,2026-03-28 13:55:16.112383+00,true
726,174,color,COMBO CON SOMBRERO BLANCO,0.00,0,null,2026-03-28 13:55:16.112383+00,true
727,174,color,COMBO CON SOMBRERO NEGRO,0.00,0,null,2026-03-28 13:55:16.112383+00,true
731,175,color,COMBO CON SOMBRERO ROSA,0.00,0,null,2026-03-28 14:00:11.979917+00,true
732,175,color,COMBO CON SOMBRERO NEGRO,0.00,0,null,2026-03-28 14:00:11.979917+00,true
733,175,color,COMBO CON SOMBRERO BLANCO,0.00,0,null,2026-03-28 14:00:11.979917+00,true
734,176,color,COMBO CON SOMBRERO AZUL,0.00,0,null,2026-03-28 14:11:53.817154+00,true
735,176,color,COMBO CON SOMBRERO BLANCO,0.00,0,null,2026-03-28 14:11:53.817154+00,true
736,176,color,COMBO CON SOMBRERO AMARILLO,0.00,0,null,2026-03-28 14:11:53.817154+00,true
737,176,color,COMBO CON SOMBRERO NEGRO,0.00,0,null,2026-03-28 14:11:53.817154+00,true
738,176,color,COMBO CON SOMBRERO VIOLETA,0.00,0,null,2026-03-28 14:11:53.817154+00,true
739,177,color,COMBO CON SOMBRERO AZUL,0.00,0,null,2026-03-28 14:15:31.917861+00,true
740,177,color,COMBO CON SOMBRERO BLANCO,0.00,0,null,2026-03-28 14:15:31.917861+00,true
741,177,color,COMBO CON SOMBRERO AMARILLO,0.00,0,null,2026-03-28 14:15:31.917861+00,true
742,177,color,COMBO CON SOMBRERO VIOLETA,0.00,0,null,2026-03-28 14:15:31.917861+00,true
743,177,color,COMBO CON SOMBRERO NEGRO,0.00,0,null,2026-03-28 14:15:31.917861+00,true
746,178,color,CELESTE Y BLANCO,0.00,0,null,2026-03-28 15:32:41.972284+00,true
749,182,color,CELESTE Y BLANCO,0.00,0,null,2026-03-28 15:45:55.096646+00,true
751,183,color,CELESTE Y BLANCO,0.00,0,null,2026-03-28 15:50:27.577001+00,true
757,185,color,BLANCO,0.00,0,null,2026-03-28 17:42:16.055669+00,true
758,185,color,MULTICOLOR,0.00,0,null,2026-03-28 17:42:16.055669+00,true
759,133,color,ROSA,0.00,0,null,2026-03-28 23:10:50.574566+00,true
761,188,color,BLANCO,0.00,0,null,2026-04-01 19:30:31.969045+00,true
762,189,color,BLANCO,0.00,0,null,2026-04-01 20:10:57.935768+00,true
763,189,color,CALIDO,0.00,0,null,2026-04-01 20:10:57.935768+00,true
764,190,color,CALIDO,0.00,0,null,2026-04-01 20:26:52.012046+00,true
765,190,color,MULTICOLOR,0.00,0,null,2026-04-01 20:26:52.012046+00,true
766,142,color,BLANCO,0.00,0,null,2026-04-06 18:41:36.25719+00,true
767,141,color,multicolor,0.00,0,null,2026-04-06 18:41:52.229664+00,true